"Item","Description","Quantity On Hand","Price"
"Delivery","Freight and Brokerage charges","",0.00
"Development Cost","Die Development Charges",,1950.00
"Due to Pawan","Due to Pawan","",0.00
"HST Receivable","HST Receivable Set off",,0.00
"PPAP FEE","PPAP LEVEL 4 DOCUMENTATION FEE","",25.00
"Rework","Rework Charges",,0.00
"0509500000","Rod Clevis 2.5-12",6,108.67
"050950000G","Metric Clevis M64x2.0",1,274.00
"0509520000","Rod Clevis 3 1/4""-12",1,230.00
"050952000G","Metric Clevis M76x2.0",1,447.00
"0509540000","Rod Clevis for Hyd Cylinder, 4.00-12",6,310.00
"0681430000","Flange 2""",245,3.23
"0681450000","Flange 3.25""",2395,6.45
"0681460000","Flange 4.0""",229,7.85
"0681470000","Flange 5.0""",56,18.00
"0681480000","Flange 6.0""",227,22.00
"0681560000","Retainer 0500  4 3/8-12UN-2B",55,21.38
"0681930000","Flange 6.0"" JB",64,46.00
"0683680000","pivot pin assembly 1/2""",21159,0.65
"0683690000","Pivot Pin Assembly 3/4""",3320,1.21
"0683700000","Pivot pin Assembly 1.0""",6752,1.75
"0683710000","Pivot pin Assembly 1 3/8""",3032,4.11
"0683720000","Pivot pin Assembly 1 3/4""",1365,7.45
"0683730000","Pivot Pin Assembly",1022,9.80
"0683740000","Pivot Pin Assembly 2.5""",364,25.00
"0683750000","Pivot Pin Assembly 3""",66,31.50
"0688640000","Flange 5.0""",486,14.00
"0688650000","Flange 6.0"" T",80,14.00
"0688760000","Flange 0600  J , 2A",139,18.00
"069093000G","Metric Knuckle M26x1.5",6,34.00
"0690990000","Rod Knuckle 2 1/2-12UN",2,160.00
"0691970000","MTG Bracket For Hyd Cyl 3.25 2H 1.00(B)",-20,16.50
"0692000000","MTG Bracket For Hyd Cyl , 0200pin",10,95.00
"0692070000","Clevis Bracket for Hyd Cyl, 0100 Pin",6,52.00
"0692080000","Clevis Bracket , For Hyd Cylinder 0138 Pin",8,65.00
"0692090000","Clevis Bracket 0175 pin",6,171.25
"069215000P","Clevis Pin (SM)",107,16.50
"0708460000","Flange 6.0""",40,14.00
"0713430000"," G Mounting Lug",81,44.31
"0734370000","KNUCKLE,FOR HYD CYLINDER,3.5-12",0,565.00
"0734380000","KNUCKLE FOR HYD CYLINDER 4.0-12",2,935.00
"073545000P","Pivot Pin 3.5"" pin(DP-35G)",117,57.20
"073547000P","4"" Pivot Pin -Cotter",0,169.80
"074078000P","Pivot Pin ( SM)",788,1.09
"0761000000","Retainer 5"" Bore 3 3/8""-12THRD",78,17.55
"0761040000","Flange 5"" Bore  3 7/8-12UN-2B",40,17.55
"0763810000","BSG 1.5 2  3L /2H",9001,0.86
"0767080000","Cush Slv 1 Rd Blk Oxd",2262,0.90
"0767090000","Cush Slv 1 3/8 Rd Blk oxd",1548,1.07
"0767100000","Cush Slv 1 3/4 Rd",416,1.63
"0767110000","Cushion sleeve 2 RD",387,3.53
"0767120000","Cushion Sleeve  2 1/2 RD",52,6.55
"0767160000","Cushion Slv 1 3/8 Rd",2351,1.04
"0767170000","Cush Slv 1 3/4 Blk Oxd",1901,1.25
"0767180000","Cushion Sleeve 2  1/2  2A /3L",465,5.69
"0767230000","Cush slv 1 3/8 RD Blk oxd",2096,0.81
"0773930000","Cush Slv 5/8 Rd Blk Oxd",1186,0.55
"0773940000","Cush Sleeve 5/8 Rod",1150,0.35
"0773960000","Cush Slv 1 Rd Blk Oxd",3274,0.49
"0774030000","Cushion Sleeve 2 1/2"" Rod",95,6.79
"0774040000","Cushio SLV  2 1/2 Rd 2A",217,10.95
"0803580000","Cush Slv 1 3/8  2 H",2386,1.25
"0803590000","Cush Slv 1 3/8 Rd 2 H",1965,1.25
"0803640000","Cush Slv 2 H",554,1.89
"082024000P","Pivot Pin 0.5""cotter",-200,0.59
"082026000P","Pivot Pin 0.75""cotter",-200,1.24
"082027000P","Pivot Pin 1.0""cotter",-71,2.02
"082028000P","Pivot Pin  1 3/8""cotter",84,4.49
"082029000P","Pivot Pin 0175 cotter",136,7.00
"082030000P","Pivot Pin 2.0""cotter",111,10.75
"082031000P","Pivot Pin 2.0""cotter",46,18.00
"082033000P","Pivot Pin 2.5""cotter",15,24.80
"082034000P","Pivot Pin 3.0""cotter",20,36.98
"082036000P","Pivot Pin",169,51.05
"082037000P","3"" Pivot Pin",22,38.69
"0839500000","Clevis Bracket ""SB""",6,65.50
"0839520000","Clevis Brkt ""SB"" 2.00pin",5,197.40
"083962000P","Pivot Pin SB 1/2"" pin",406,1.09
"083963000P","Pivot Pin SB 3/4"" pin",1008,1.79
"083964000P","Pivot Pin SB 1"" pin",420,2.99
"083965000P","Pivot Pin SB 1 3/8"" pin",162,6.36
"083966000P","Pivot Pin SB 1 3/4"" pin",0,10.85
"083967000P","Pivot Pin SB 2"" pin",0,15.86
"0847760000","Cushion spacer  3H",100,3.02
"0847770000","Cushion spacer 3H-   14.00",25,25.35
"0861500000","Cushion  spc  7-8   3H",88,1.61
"0867350000","Cushion Sleeve 1"" 3L",268,3.84
"0867360000","Cush Slv 1- 1.5"" 3 L",1995,0.60
"0867370000","Cush sleeve 2 / 2 1/2 /3L",224,2.8
"0867380000","Cush Slv 1 Rd  1.5"" Bore",0,1.00
"0867390000","Cushion Slv 2- 2.5"" 3L",2903,0.56
"0867400000","Cushion Sleeve 2  3L",62,4.36
"0895010210","Tie Rod  Stud",140,3.00
"0905470000","Cushion sleeve 14mm  HMI",60,5.01
"0905500000","Cushion slv 28mm RD HMI",87,4.78
"0905510000","Cushion sleeve 22mm RD HMI",-5,5.95
"0905520000","Cush Sleeve 36mm RD HMI",0,5.82
"0905530000","Cush Sleeve 28mm RD HMI",0,3.70
"0938480000","Rod Clevis, For Hydraulic cylinder",-10,38.89
"0938490000","Rod Clevis , For Hyd Cylinder SS 1/2-20",-10,25.00
"0938770000","1"" Clevis bracket in Stainless steel",6,287.00
"093886000P","Pivot Pin SS 1.75"" Dia",77,44.80
"0952690000"," (KNUCKLE, FOR HYDRAULIC CYLINDER, DUAL AXIS 0100 PIN  )",34,0.00
"0959260000"," Clevis Bracket 0137"" pin",82,58.85
"0959300000","CLEVIS BRKT, FOR HYDRAULIC CYLINDER, SB C.I. 0075 PIN",20,19.32
"0959310000","CLEVIS BRKT, FOR HYDRAULIC CYLINDER, SB C.I. 0100 PIN",90,24.88
"0959320000","CLEVIS BRKT, FOR HYDRAULIC CYLINDER, SB C.I. 0138 PIN",180,46.90
"0959330000","CLEVIS BRKT, FOR HYDRAULIC CYLINDER, SB C.I. 0175 PIN",24,78.88
"0959340000","CLEVIS BRKT, FOR HYDRAULIC CYLINDER, SB C.I. 0200 PIN",16,141.00
"0959450000","CLEVIS BRKT, FOR HYDRAULIC CYLINDER, SB C.I. 005 PIN",-30,14.90
"0959810031","EYE BRKT, FOR HYDRAULIC CYLINDER, 0031 PIN DIA",111,13.80
"0959810050","EYE BART, FOR HYDRAULIC CYLINDER, 0050PIN DIA",5434,5.90
"0959810075","EYE BRKT, FOR HYDRAULIC CYLINDER, 0075 PIN DIA",2399,7.26
"0959810100","EYE BRKT, FOR HYDRAULIC CYLINDER, 0100 PIN DIA",1150,17.05
"0959810138","EYE BRKT, FOR HYDRAULIC CYLINDER, 0137 PIN DIA",482,21.05
"0959810175","EYE BRKT, FOR HYDRAULIC CYLINDER, 0175 PIN DIA",35,58.08
"0959810200","EYE BRKT, FOR HYDRAULIC CYLINDER, 0200 PIN DIA",62,90.03
"0959810250","EYE BRKT, FOR HYDRAULIC CYLINDER, 0250 PIN DIA",57,129.60
"0959810300","EYE BRKT, FOR HYDRAULIC CYLINDER, 0300 PIN DIA",55,193.92
"0959810350","EYE BRKT, FOR HYDRAULIC CYLINDER, 0350 PIN DIA",0,517.37
"0959810400","EYE BRKT, FOR HYDRAULIC CYLINDER, 0400 PIN DIA",0,772.56
"0960160044","CLEVIS BRKT, FOR HYDRAULIC CYLINDER, 0044 PIN DIA",148,14.10
"0960160050","CLEVIS BRKT, FOR HYDRAULIC CYLINDER, 0050 PIN DIA",177,8.38
"0960160075","CLEVIS BRKT, FOR HYDRAULIC CYLINDER, 0075 PIN DIA",237,13.26
"0960160100","CLEVIS BRKT, FOR HYDRAULIC CYLINDER, 0100 PIN DIA",266,37.05
"0960160138","CLEVIS BRKT, FOR HYDRAULIC CYLINDER, 0138 PIN DIA",16,54.58
"0960160175","CLEVIS BRKT, FOR HYDRAULIC CYLINDER, 0175 PIN DIA",73,112.00
"0960160200","CLEVIS BRKT, FOR HYDRAULIC CYLINDER, 0200 PIN DIA",48,158.00
"0960160250","CLEVIS BRKT, FOR HYDRAULIC CYLINDER, 0250 PIN DIA",18,189.20
"0960160300","CLEVIS BRKT, FOR HYDRAULIC CYLINDER, 0300 PIN DIA",5,251.40
"0960160350","CLEVIS BRKT, FOR HYDRAULIC CYLINDER, 0350 PIN DIA",22,495.00
"0960160400","CLEVIS BRKT, FOR HYDRAULIC CYLINDER, 0400 PIN DIA",7,709.00
"0961310020","Spherical bearing steel 20mm",16,80.00
"0962200000","Knuckle  3.25-12",4,550.00
"0977260075P","Pivot Pin 3/4"" Dia",0,106.26
"0977260100P","Pivot Pin 1"" Dia",0,27.57
"0977260125P","Pivot Pin 0125 Dia",0,35.00
"0977260200P","Pivot Pin 2.0"" Dia",0,32.87
"0977260300P","Pivot Pin 3"" Dia",0,62.47
"0977270075","Clevis Bracket 3/4"" SE Mounts",174,12.00
"0977270100","Clevis Bracket For SE Mount 1""",7,12.42
"0977270125","Clevis Bracket For SE Mount  1.25""",0,29.27
"0977270150","Clevis Bracket For SE Mount 1.5""",0,45.24
"0977270200","Clevis Bracket For SE Mount 2""",16,70.26
"0977270250","Clevis Bracket For SE Mount 2.5""",0,134.77
"0977270300","Clevis Bracket For SE Mount 3""",13,175.72
"0977270350","Clevis Bracket For SE Mount 3.5""",0,332.16
"0977270400","Clevis Bracket For SE Mount  4""",0,445.68
"10000723","Rod End Cushion Sleeve",16,11.59
"10001","1.5"" profile screw",0,0.50
"10002","2.5"" Profile Screw",0,0.55
"10002298","Rod End Cushion Sleeve",30,6.55
"10002601","ROD CLEVIS, FOR HYD CYL, JIC-43(DC-10-special)",-15,13.08
"10003","3.25, 4.0 PROFILE SCREW",0,0.60
"10085761","Cushion Sleeve  2 RD",0,8.10
"105050","(WF) Piston 1000   175 AJ   VBLK SG",0,94.48
"1330180000","Retainer 10.00 Rod 3H",23,95.00
"1332240100","Retainer 0100 A2",1386,1.35
"1332240124","Retainer 1.375 A2",0,1.58
"1332860000","ROD CLEVIS, FOR HYD CYL, NFPA 1 1/4-12 , DC-13",408,19.54
"1337390044","Align Coupler 7/16-20(B)",145,8.00
"1337390075","Align Coupler 3/4-20(B)",176,11.50
"1337390100","Align Coupler 1-14(B)",24,24.00
"1337390125","Align Coupler 1 1/4-12(B)",187,27.01
"1337390150","Align Coupler 1.5-12(B)",252,55.98
"1337390175","Align Coupler 1 3/4-20(B)",89,59.00
"1337390188","Align Coupler 1 7/8-12(B)",182,92.50
"1347570031","Align Coupler 5/16-24(B)",19,7.50
"1347570038","Align Coupler 3/8-24",257,8.25
"1347570044","Align Coupler 7/16-20",765,6.60
"1347570050","Align Coupler 1/2-20(B)",32,8.10
"1347570063","Align Coupler 5/8-18(B)",115,8.10
"1347570075","Align Coupler 3/4-16(B)",502,9.55
"1347570088","Align Coupler 7/8-14(B)",385,11.50
"1347570100","Align Coupler 1-14(B)",426,22.00
"1347570125","Align Coupler 1 1/4-12(B)",608,24.72
"1434530000","ROD CLEVIS, FOR HYDRAULIC CYLINDER, M33 X 2.00 HM",28,76.00
"1434590000","ROD EYE, FOR HYDRAULIC CYLINDER, M14 X 1.50 HM",-4,27.30
"1434610000","ROD EYE, FOR HYDRAULIC CYLINDER, M20 X 1.50 HM",7,36.00
"1434620000","ROD EYE, FOR HYDRAULIC CYLINDER, M27 X 2.00 HM (DE-13-M27x2 HMI)",22,48.00
"143477000P","Pivot Pin M10x 1HMI",206,0.60
"143478000P","Pivot Pin M12x 1HMI",74,0.84
"143479000P","Pivot Pin M14x 1HMI",223,1.15
"143480000P","Pivot Pin M20x 1.2HMI",27,2.82
"143481000P","Pivot Pin M28x1.5HMI",79,4.9
"143482000P","Pivot pin M36 x 1.75 HMI",119,9.67
"143484000P","Pivot pin M56 x 2 HMI",6,46.04
"143485000P","Pivot pin M70 x 2.5 HMI",37,61.70
"1448080000","Eye Bracket M10x1.25 HMI",1,18.40
"144812","Eye Bracket M20x1.5 HMI",0,0.00
"1448120000","Eye Bracket M20x1.5 HMI",61,123.70
"1472340100","Flange Coupler, Hydraulic Cylinder,0100 Rod",10,15.59
"1472340138","Flange Coupler For Hyd Cylinder, 0138 Rod",85,19.35
"1472340300","Flange Coupler, Hyd Cylinder 0300 Rod",68,56.25
"1472340350","Flange Couplings, 0350 Rod",88,62.66
"1472340550","Flange coupling , 0550 Rod",0,195.10
"1481740100","Weld Plate,  0100 Rod",70,23.29
"1481740138","Weld Plate , 0137 Rod",54,26.25
"1481740200","Weld Plate For Hyd Cylinder , 0200 Rod",31,54.40
"1481740350","Weld Plate ,0350",0,86.14
"190527013","NC 9 Retainer",26,1.91
"1H000025267-SP","Spherical Rod Eye 160mm pin",0,746.80
"1H000088495-SP","Spherical Rod Eye 90 mm",0,130.00
"1H000097426-SP","SPHERICAL ROD EYE 110MM",0,192.06
"1H000113537-SP4","Spherical ROd Eye Blank",36,49.80
"1H000140758-SP","SPHERICAL ROD EYE WARP160CE",0,675.12
"1H000173816-SP2","Rod Eye 100mm spherical bearing",0,160.45
"1H00188009-SP","Spherical Rod Eye",0,295.00
"1H2HOA00278347-SP2","Spherical Rod Eye 35mm ..M28 x 1.5-6H",4,121.00
"1HRDH000251234-PP","Pivot Pin 1 1/4""",0,65.00
"2-009","O-ring (parker)",500,0.02
"2-020N1470-70","NBR O-RING",1272,0.00
"2-026N1470-70","1"" NBR O-RING",3345,0.05
"2-031N1470-70","NBR O-ring",5619,1.00
"2002068SEPC","25MM ADJUSTABLE SHOCK BRACKET KIT",28,46.75
"2002069SPEC","32MM ADJUSTABLE SHOCK BRACKET KIT",53,46.75
"3-1512-P","Sleeve Nut 1/4-28",17753,0.28
"3-2012-P","Sleeve Nut 5/16-24",44750,0.32
"3-3212-P","Sleeve Nut 3/8-24..",15085,0.35
"3-5012-P","Sleeve Nut 1/2-20..",1788,0.54
"3752009172","Main End Cap  S70 6.62ODx1.25THK",25,15.24
"3752009173","Blind End Mount S70 ,8.25OD..Pin eye 2.75 OD Sleeve",5,67.69
"3752009174","End Cap 4:OD Plgr,3.56x1.00THK",417,4.34
"3752009180","End Cap, Main =S60 series, 5.74ODx1.0 thk",16,10.92
"3752009182","Blind end Mount S60 Series..2.75OD pin eye Slv",5,51.69
"3752009243","S50 series main end cap",164,9.85
"3752009244","Retainer Plate, End Cap=S50 5.3 8ODx0.38THK",645,1.83
"3752009245","S50 Series Blind End Mount",70,46.77
"3752009248","End Cap, 3.250OD Plgr",11,7.07
"3752009249","Blind End Mount S80 Series, 2.75 OD ..Pin eye sleeve",44,82.74
"3752686043","Retainer Plate End Cap=S70",1125,8.75
"3752686056","Retainer , End Cap=S60, 6.12ODx0.38THK",849,1.94
"3752686057","Retainer Plate end cap  S80",1788,2.83
"68143","Flange 2""",0,4.00
"68145","Flange 3.25""",0,0.00
"68146","Flange",0,0.00
"68147","Flange 5.0""",0,0.00
"68147-338","Flange 3 3/8-12UN-2B",0,17.55
"68147-378","Flange 3 7/8-12UN-2B",0,17.55
"68147-438","Flange 4 3/8-12UN-2B",0,19.50
"68148","Flange 6.00""",0,0.00
"68193","Flange 6.0"" JB",0,50.00
"68864","Flange",0,6.00
"68865","Flange 6.0"" T",0,12.00
"68876","Flange 0600  J , 2A",0,12.00
"6904","Oil Seal",84,3.00
"70846","Flange 6""",0,10.00
"74192","Check Valve Screw 7/16-20",0,0.50
"76381","BSG 1.5 2  3L /2H",0,1.00
"76708","Cushion Sleee",0,2.00
"76709","Cushion sleeve",0,1.00
"76710","Cushion sleeve 1 3/4""",0,1.50
"76711","Cushion Sleeve",0,2.00
"76712","Cushion Sleeve",0,4.00
"76715","Cushion sleeve",0,1.50
"76716","Cushion sleeve",0,1.50
"76717","Cush Slv 1 3/4 Blk Oxd..",0,2.00
"76718","Cushion Sleeve 2",0,2.00
"76723","Cushion Sleeve 1 3/8""",0,2.00
"77393","Cushion Sleeve",0,5.00
"77394","Cush Sleeve 5/8 Rod",0,2.50
"77396","Cushion sleeve",0,1.50
"77403","Cushion Sleeve",0,4.00
"80358","Cushion Sleeve",0,2.00
"80359","Cush Slv 1 3/8 Rd",0,2.00
"80364","Cushion Sleeve 2H",0,1.50
"860000625N1481A85","5/8""NBR H ROD WIPER",272,1.00
"860001000N4181A85","1""NBR H ROD WIPER",151,1.00
"860001375 N4181A85","1 3/8""NBR H Rod Wiper",1730,2.00
"86150","Cushion spaer  for 7""and 8"" Bore",0,1.61
"86735","Cush Sleeve  1""",0,3.84
"86736","Cush Slv 1- 1.5"" 3 L",0,1.00
"86737","Cushion Sleeve",0,1.50
"86739","Cushion Sleeve",0,2.00
"8714700000","Valve Stem#5",0,5.30
"8714720000","Valve Stem",0,5.06
"88150","Onion skin gasket for AJN/BJN/CJN pumps",0,2.00
"90547","Cushion sleeve 14mm  HMI",0,0.40
"90550","Cushion sleeve 28mm",0,1.00
"90551","Cushion Sleeve",0,2.00
"90553","Cush Sleeve 28mm",0,5.00
"977270075","CLEVIS BRACKET FOR SE MOUNT 3/4""",177,8.87
"A-62-60-X4","SPECIAL MF2 FLANGE 6..BORE",2,1132.00
"A09-P05","Front Flange 3 1/4"" Bore std.",367,5.80
"A09-R05","Front Flange 4"" STD  & OV",26,8.20
"A09-T05","FRONT PLATE 5"" BORE..",123,12.90
"A09-U05","Front Flange 6"" Bore STD & OV",154,15.90
"A11-K03","FRONT FLANGE FOR 1.5""-5/8 CYLINDER",319,6.85
"A11-K04","REAR FLANGE 1 1/2"" ROD..",48,4.10
"A11-K06","Front Flange 1 1/2""- 1"" Rod..",392,6.50
"A11-L03","FRONT FLANGE FOR 2""-5/8 CYLINDER",475,4.7
"A11-L04","REAR FLANGE 2"" ROD..",417,4.40
"A11-L06","FRONT FLANGE 2""-1"" ROD..",876,5.95
"A11-M03","FRONT FLANGE FOR 2.5""-5/8 CYLINDER..",-5,6.00
"A11-M04","REAR FLANGE 2.5"" ROD",209,5.00
"A11-M06","2.5"" Bore Front Flange",869,8.80
"A11-P04","REAR FLANGE 3 1/4"" -ALL ROD",240,8.00
"A11-P05","FRONT PLATE 3 1/4""..",143,5.80
"A11-P06","FRONT FLANGE FOR3.25""CYLINDER..",842,8.20
"A11-R04","REAR FLANGE 4""-ALL ROD",55,10.50
"A11-R06","FRONT FLANGE 4"" CYLINDER",59,21.00
"A11-T04","REAR FLANGE 5""-ALL ROD",39,14.00
"A11-T06","FRONT FLANGE,5"" STD ROD",595,36.78
"A11-U04","Front Flange",101,20.00
"A11-U06","FRONT FLANGE 6"" STD & OVS ROD",363,21.00
"A90-K11","Sleeve Nut 1/4""-28",11977,0.18
"A90-L11","Sleeve Nut 5/16""-24",12200,0.25
"A90-P11","Sleeve Nut 3/8""-24",3306,0.40
"A90-T11","Sleeve Nut 1/2""-24",1368,1.21
"AA05094300","Rod Clevis Casting",0,4.00
"AB272894A7","80 MM SPHERICAL ROD EYE",0,195.00
"Auger","Auger PL1314DA",0,750.00
"B27030052","Rod Clevis 5/8""-18",-20,7.00
"BB265336A6","Cushion Sleeve 2 or 5 Step",0,8.26
"BB269027A80","Rod Eye SKF #SIQG160ES..WSW#WAPR160E",0,746.86
"BLOCK3X6.5X6.5""","PRECISION SQ. BLOCK 3X6.5SQ",10,111.78
"Brake Pads","Brake Pad shipment",1,3000.00
"CC586679A4","Pivot Pin",30,4.00
"CCTYGEZ 38 ES 2RS","1.5"" Spherical Bearing",0,10.00
"CCTYGEZ 50 ES 2RS","2"" Spherical Bearing",0,15.00
"CF10001","Profile screws 1.5""B",3359,0.60
"CF10002","Profile screws 2&2.50""",0,0.55
"CF10003","Profie Steel Screw -NFPA",1288,0.60
"CM11501","1.5"" Mounting Flange",38,5.00
"CM12001","2"" Flange Mount",150,6.00
"CM12001-UN","2"" Flange Mount -No plating",0,10.20
"CM12007-UN","NFPA STEEL END ANGLE PLATE",0,8.40
"CM12501","2.5"" Flange Mount",3,8.00
"CM13201","3.25"" Flange mount",7,13.00
"CM14001","4"" Flange mount",1,18.00
"CM21516","1.5"" Foot Mount",9,11.00
"CM22016","2"" MS2 Foot Mount",144,16.00
"CM22516","2.5"" Foot Mount",101,13.00
"CM23216","3.25"" Foot Mount",35,21.00
"CM24016","4"" Foot Mount",37,27.00
"D-23913","Foot Bracket 12/16mm",0,3.50
"D133TK40040","Retainer for bolt 5/8""Rod",0,0.91
"D133TK40040-WM","Retainer 5/8""",0,1.50
"D133TK40100","Retainer for bolt 1' Rod",0,0.90
"D133TK40100-WM","Retainer 1""",0,1.50
"D133TK40124","Retainer for bolt 1 3/8"" Rod",0,0.99
"D133TK40124-WM","Retainer for 1.25"" Rod",0,1.95
"D148TK100","Weld plate, 0100 Rod",0,20.00
"D148TK138","Weld Plate, 0138 Rod",0,20.00
"D148TK200","Weld Plate",0,18.00
"D148TK350","Weld Plate,0350 Rod",0,100.00
"D14TK100","Flange coupling 1""",0,10.00
"D14TK138","Flange coupling 1 3/8""",0,12.00
"D14TK300","Flange coupling 3""",3,29.00
"D14TK350","Flange Coupling 0350 Rod",0,100.00
"D14TK550","Flange Coupler 055 ROd",-1,200.00
"D23913TK","Foot Bracket",0,3.50
"D318","Check valve -white derlin",0,0.90
"D37TK6043","RETAINER",0,1.50
"D37TK6056","RETAINER",0,1.50
"D37TK9172","End Cap S70 series",0,18.00
"D37TK9173","Blind End Mount S70 (part#9173)",0,67.69
"D37TK9174","End Cap 3.56""x1.00",0,4.33
"D37TK9180","End Cap S60   5.74Dia x1.00THK",0,11.03
"D37TK9182","Blind End Mount S60",0,51.68
"D37TK9243","Main End Cap S50",0,9.85
"D37TK9245","Blind End Mount S50( part#9245)",0,46.76
"D37TK9248","3.25""End Cap",0,4.00
"D37TK9249","Blind End Mount S80(part#9249)",0,82.73
"D391","Foot mount 20mm Bore",0,4.94
"D392","Foot mount 25MM Bore",0,5.13
"D393","Foot Mount 32mm bore",0,6.24
"D394","Foot mount 40mm Bore",0,6.75
"D395","Foot Mount 50mm Bore",0,8.81
"D396","Foot mount 63mm Bore",0,10.37
"D397","Foot mount 80mm Bore",0,15.25
"D89TK150","Cushion sleeve",90,7.00
"D95TK050","1/2"" EYE BRACKET",0,5.60
"D95TK075","3/4"" EYE BRACKET",0,8.00
"D95TK100","1"" EYE BRACKET",0,16.00
"D95TK138","1 3/8"" Eye Bracket",0,18.00
"D95TK175","1 3/4"" EYE BRACKET",0,57.00
"D95TK200","2"" EYE BRACKET",0,85.00
"D95TK250","2.5"" Eye Bracket",7,0.00
"D95TK300","3.0' Eye Bracket",3,0.00
"D95TK400","4"" EYE BRACKET",0,800.00
"D95TK930-S","3/4"" Clevis Bracket Steel casting",0,15.00
"D95TK931","1"" Clevis bracket",0,10.00
"D95TK931-S","1"" Clevis Bracket- steel casting",0,32.00
"D95TK933","1 3/4"" Clevis bracket",0,100.00
"D95TK934","2"" Clevis bracket",0,175.00
"D96TK044","clevis bracket 044 dia",0,10.00
"D96TK050","1/2"" Clevis Bracket",0,6.00
"D96TK075","3/4"" Clevis Bracket",0,7.00
"D96TK100","1"" Clevis Bracket",0,18.00
"D96TK138","1 3/8""  Clevis Bracket",0,39.00
"D96TK200","2"" Clevis bracket",0,60.00
"D96TK400","4"" Clevis Bracket",0,300.00
"D97TK100","Clevis Bracket 1""",0,20.00
"D97TK125","Clevis Bracket",0,15.00
"D97TK150","Clevis bracket 1.5""",0,30.00
"D97TK200","2"" clevis bracket",0,18.00
"D97TK300","3"" Clevis Bracket",0,300.00
"D97TK350","3.5"" Clevis Bracket ( Narrow Lugs)",0,300.00
"D97TK400","4"" Clevis Bracket - ( Narrow Lugs)",0,400.00
"DA301","5/8"" Rod Bushing",0,1.53
"DA301-ASSLY","5/8"" ROD BUSHING-ASSEMBLY",0,1.00
"DA302","1"" Rod Bushing",0,1.00
"DA302-ASSLY","1"" ROD BUSHING-ASSEMBLY",0,2.00
"DA303","1 3/8' Rod Bushing",4175,2.00
"DA303-ASSY","1-3/8"" ROD BUSHING-ASSEMBLY",0,4.00
"DA662","NEEDLE CUSHION LARGE",0,0.40
"DA672","RETAINER NEEDLE CUSHION(LARGE)",0,0.50
"DAC-1000F","Alignment Coupler 1""-12",0,0.00
"DAC-1250F","Alignment Coupler 1 1/4""-12",-6,0.00
"DAC-1375F","Alignment coupler  1 3/8""-12",0,0.00
"DAC-1500F","Alignment coupler(1 1/2""-12 B",-7,0.00
"DAC-250F","Alignment Coupler(1/4""-28",0,0.00
"DAC-312F","Alignment Coupler(5/16""-24)",0,0.00
"DAC-375F","Alignment coupler(3/8""-24)",0,0.00
"DAC-437F","Alignment coupler(7/16""-20)",1532,13.92
"DAC-500F","Alignment coupler(1/2""-20)",0,0.00
"DAC-625F","Alignment coupler(5/8""-18)",0,0.00
"DAC-750F","Alignment coupler(3/7""-16)",-78,16.64
"DAC-875F","Alignment coupler(7/8""-14)",-6,0.00
"DACP-031","5/16-24 Alignment coupler",0,8.00
"DACP-038","ALIGNMENT COUPLER",0,8.00
"DACP-044","Alignment coupler",0,7.00
"DACP-075","Align Coupler 3/4-16(B)",0,15.00
"DACP-100","Alignment coupler 1""-12",0,30.00
"DACP-125","Alignment coupler 1 1/4""-12",0,35.00
"DACP-133-044","ALIGNMENT COUPLER",0,8.00
"DACP-133-075","3/4"" alingment coupler",0,15.00
"DACP-133-125","Alignment coupler",0,30.00
"DACP-133-150","Alignment coupler 1 1/2""-12",0,45.00
"DACP-133-175","1 3/4""-12 Alignment coupler",0,40.00
"DACP-133-188","1 7/8""-12 Alignment coupler",0,90.00
"DACP-133-188-SPL",,0,80.00
"DACP-500","Alignment Coupler 1/2-20(B)",0,10.00
"DACP-625","ALIGNMENT COUPLER",0,12.00
"DACP-875","Alignment coupler 7/8-14(B)",0,12.00
"DC-05","Rod Clevis 7/16""20",2703,4.65
"DC-05-1/2""","Rod Clevis 1/2""-20",281,4.65
"DC-05-Arcor","7/16""-20 Rod Clevis with ARCOR",0,7.00
"DC-05-SS","7/16""-20 Rod Clevis in SS",91,22.74
"DC-07","Rod Clevis 3/4""-16",8369,8.13
"DC-07-1""","3/4""-16 Rod Clevis with 1"" pin Hole",206,9.00
"DC-07-25/32- ARCOR","3/4"" Rod clevis with 0.781 "" pin hole ..Arcor Treated",0,10.05
"DC-07-25/32""","3/4""-16 Rod clevis with 25/32"" pin hole",0,9.00
"DC-07-5/8""","3/4"" Rod clevis with 5/8-18UNF-2B",614,7.00
"DC-07-7/8""","3/4"" Rod Cleivs with 7/8"" threads",0,8.00
"DC-07-7/8""-ARCOR","3/4""Pin Rod Clevis with 7/8"" THD AND  Arcor treated..",0,10.00
"DC-07-ARCOR","3/4""ROD CLEVIS WITH ARCOR/MELONITE",5069,9.00
"DC-07-SS","3/4""-16 Rod clevis in SS",26,48.50
"DC-07M","3/4""-16 Rod Clevis",1108,8.13
"DC-10","Rod Clevis 1""-14",0,12.86
"DC-10- ARCOR","Rod Clevis 1""-14 with Arcor",0,14.00
"DC-10-7/8""","1"" Rod clevis with 7/8-14 threads",321,23.10
"DC-10-SS","Rod Clevis 1""-14 in SS",414,65.45
"DC-10M","1"" ROD CLEVIS",3240,12.21
"DC-13","Rod Clevis 1 1/4""-12",372,24.87
"DC-13-SS","1 3/8"" Rod Clevis in SS",113,110.00
"DC-13M","Rod Clevis  11/4""-12",768,24.87
"DC-17","Rod Clevis1 1/2""-12",401,51.50
"DC-17-1.75""","1.75"" ROd clevis with 1 3/4"" threads",1,54.00
"DC-20","Rod Clevis  1 7/8""-12",451,65.20
"DC-25","Rod Clevis 2.5""",226,93.16
"DC-30","Rod Clevis  3""",181,149.00
"DC-30-P","3"" Rod Clevis",4,110.00
"DC-30M","Rod Clevis 3""",0,249.00
"DC-35","Rod Clevis 3.5""",0,248.00
"DC-35M","Rod Clevis(3 1/4-12UN-2B)",13,269.00
"DC-40","Rod Clevis 4""",19,450.00
"DC-40M","Rod Clevis (3 1/2-12UN-2B)",0,450.00
"DC-40M-P","4"" Rod Clevis",0,400.00
"DC-40M-P-SPL","4"" Rod Clevis special pin hole",3,400.00
"DCB-05","12"" CLEVIS BRACKET",230,12.57
"DCB-05-S","1/2"" CLEVIS BRACKET IN STEEL",-4,34.20
"DCB-07","3/4"" CLEVIS BRACKET",251,19.03
"DCB-07-S","3/4"" CLEVIS BRACKET IN STEEL",-10,51.09
"DCB-10","1"" CLEVIS BRACKET",484,31.50
"DCB-10-S","1"" CLEVIS BRACKET IN STEEL",0,63.80
"DCB-13","1 3/8"" CLEVIS BRACKET",47,43.75
"DCB-17","1 3/4"" CLEVIS BRACKET",1,97.65
"DCB-20","2"" CLEVIS BRACKET",10,141.25
"DCU60002","2.5"" cushion screw",0,1.20
"DE-05","ROD EYE 7/16-20",303,3.15
"DE-05-1/2""","Rod Eye with 1/2"" Thread",-30,4.50
"DE-07","ROD EYE 3/4""-16",3410,5.83
"DE-07-M20x1.5","3/4"" Rod clevis with M20 threads",95,10.00
"DE-10","ROD EYE 1""-14",253,11.23
"DE-10-M26","1"" Rod Eye with M26 threads",27,15.00
"DE-10-SS","1"" Rod eye -SS",6,72.00
"DE-13","ROD EYE 1 1/4""-12",0,19.16
"DE-13-2","ROD EYE  (CD-1.992)",55,36.00
"DE-17","ROD EYE 1 1/2""",123,45.20
"DE-20","ROD EYE  1 7/8""",21,59.20
"DE-25","ROD EYE 2.5""",16,105.00
"DE-30","ROD EYE 3""",3,165.00
"DE-35","Rod Eye 3 1/4-12UN-2B",0,500.00
"DEB-05","EYE BRACKET 1/2""",20,6.61
"DEB-05-SS","EYE BRACKET 1/2"" -SS",532,42.00
"DEB-07","EYE BRACKET 3/4""",465,12.33
"DEB-07-SS","EYE BRACKET 3/4"" -SS",492,67.50
"DEB-07H","3/4"" Eye Bracket with thick base",0,7.00
"DEB-10","EYE BRACKET 1""",1069,19.68
"DEB-10H","EYE BRACKET 1"" WITH THICK BASE",-25,23.89
"DEB-13","EYE BRACEKT 1 3/8""",1,34.15
"DEB-13-SS","1 3/8"" Eye Bracket -SS",6,0.00
"DEB-13H","EYE BRACKET 1 3/8"" WITH THICK BASE",1,40.00
"DEB-17","EYE BRACKET 1 3/4""",69,78.61
"DEB-17H","EYE BRACKET 1 3/4"" WITH THICK BASE",0,84.63
"DEB-20","EYE BRACKET 2""",0,115.70
"DEB-20H","EYE BRACKET 2"" WITH THICK BASE",0,117.39
"DEB-30H","EYE BRACKET 3"" WITH THICK BASE",0,880.00
"DEB-325B","3.25"" EYE BRACKET (NCA1-C325-ITT)",0,11.00
"DF-15","MF1 Front Flange Kit for 1.5"" cyl",96,3.90
"DF-2","MF1 Front Flange Kit for 2.0"" cyl",0,5.00
"DF-25","MF1 Front Flange Kit for 2.5"" cyl",46,8.10
"DF-32","MF1 Front Flange Kit for 3.25"" cyl",-7,15.00
"DF-4","MF1 Front Flange Kit for 4.0"" cyl",0,19.00
"DF-6","MF1 Front Flange Kit for 6"" cyl",0,39.00
"DF14TK855","Mounting Flange 2"" Bore, 1""Dia ROd",0,5.50
"DF76TK688","Front Flange",0,18.00
"DF859TK68","Retainer 1.5"" Bore x5/8"" Rod",0,4.50
"DIRC-100F","ISO DETACHABLE MOUNT (100MM)",0,36.32
"DIRC-63F","ISO DETACHABLE MOUNT (63MM)",0,21.25
"DIRC-80F","ISO DETACHABLE MOUNT (80MM)",0,27.25
"DMP1-15H","1.5"" MP1 DETACHABLEM MOUNT",115,8.28
"DMP1-15T"," 1.5"" MP1 Detachable Mount-Threaded",127,8.68
"DMP1-25H","2.5"" MP1 Detachable Mount-THRU HOLE",-10,9.70
"DMP1-25T","2.5"" MP1 Detachable Mount-Threaded",157,10.15
"DMP1-2H","2"" MP1 Detachable Mount-Thru Hole",188,9.12
"DMP1-2T","2"" MP1 Detachable Mount-Threaded",212,9.52
"DMP1-32H","3.25"" MP1 Detachable Mount-Thru Hole",-10,13.21
"DMP1-32T","3.2"" MP1 Detachable Mount-Threaded",314,14.50
"DMP1-4H","4"" MP1 Detachable Mount-Thru Hole",-14,15.00
"DMP1-4T","4"" MP1 Detachable Mount-Threaded",0,16.50
"DMP1-5H","5"" MP1 Detachable Mount-Thru Hole",-30,24.72
"DMP1-5T","5"" MP1 Detachable Mount-Threaded",112,25.50
"DMP1-6H","6"" MP1 Detachable Mount-Thru Hole",159,28.65
"DMP1-6T","6"" MP1 Detachable Mount-Threaded",68,29.50
"DMP2-15H","15"" MP2 Detachable mount-thru hole",-226,6.65
"DMP2-15H-ARCOR","1.5"" Detachable mount with Arcor treated",0,9.00
"DMP2-15HCB","1.5"" MP2 DETACHABLE MOUNT WITH COUNTER BORE",190,6.10
"DMP2-15HCB-G","1.5"" Detachable mount- gray color",0,7.95
"DMP2-15T","1.5"" MP2 Detachable mount-threaded",435,6.65
"DMP2-25H","2.5"" MP2 Detachable mount-thru hole..",180,8.00
"DMP2-25H-ARCOR","2.5"" Detable mount with ARCOR treated",140,9.65
"DMP2-25H-CB","2 1/2(B) DETACHABLE CLEVIS BRACKET GRAINGER ..",-38,7.25
"DMP2-25HCB-G","2.5"" Detachable Mount- gray",0,9.81
"DMP2-25T","2.5"" MP2 Detachable mount-threaded",1864,8.00
"DMP2-2H","2.0"" MP2 Detachable Mount-thru hole..",835,7.58
"DMP2-2H-ARCOR","2"" Detahable MP2 mount in steel  with ARCOR..",0,9.00
"DMP2-2H-CB","2(B)  DETACHABLE CLEVIS BRACKET GRAINGER..",127,6.75
"DMP2-2HCB-G","2"" Detachable mount",0,9.23
"DMP2-2T","2.0""MP2 Detachable Mount-threaded",1932,7.58
"DMP2-32H","3.25"" MP2 Detachable Mount-thru hole..",-79,12.50
"DMP2-32H-CB","3 1/4(B) DETACHABLE MOUNT GRAINGER ..",179,9.80
"DMP2-32HCB-G","3.25"" Detachable mount- gray color",0,14.84
"DMP2-32T","3.25"" MP2 Detachable Mount-threaded",386,12.65
"DMP2-4H","4.0"""" MP2 Detachable Mount-thru hole..",119,14.50
"DMP2-4H-CB","4(B) MP2  DETACHABLE CLEVIS BRACKET GRAINGER..",92,12.05
"DMP2-4HCB-G","4"" Detachable Mount - gray color",-100,16.96
"DMP2-4T","4.0"" MP2 Detachable Mount-threaded",1324,14.65
"DMP2-4T-SPL","4"" DMP2 DETACHABLE MOUNT SPECIAL",123,16.50
"DMP2-5H","5.0"" MP2 Detachable mount thru hole..",-141,21.55
"DMP2-5T","5.0"" MP2 Detachable mount-Threaded",632,21.55
"DMP2-6H","6"" MP2 Detachable mount-thru hole..",201,28.75
"DMP2-6H-CB","6(B) MP2 DETACHABLE CLEVIS GRAINGER..",-53,24.00
"DMP2-6T","6"" MP2 Detachable mount-Threaded",90,28.75
"DMP2-A3C","MP2 Detaible mount",0,20.00
"DMP4-15H","1.5"" MP4 Detachable mount-thru hole..",169,5.93
"DMP4-15H-SPEC","P4 Mount for TBC Bendall",-40,10.00
"DMP4-15T","1.5"" MP4 Detachable mount-threaded",345,6.80
"DMP4-25H","2.5"" MP4 Detachable mount-thru hole",-30,8.75
"DMP4-25H-SPEC2","P4 Detachable Mount",0,12.00
"DMP4-25T","2.5"" MP4 Detachable mount-threaded",629,8.00
"DMP4-2H","2.0""MP4 Detachable Mount-thru hole..",-50,6.98
"DMP4-2T","2.0"" MP4 Detachable Mount-threaded",899,7.00
"DMP4-32H","3.25"" MP4 Detachable mount-thru hole..",52,10.90
"DMP4-32H-CB-G","3.25"" MP4 detable mount Grey",0,15.00
"DMP4-32T","3.25"" MP4 Detachable mount-Threaded",30,12.00
"DMP4-4-H-S","4.0"" Detachable clevis with silver paint",250,11.20
"DMP4-4H","4"" MP4 Detachable mount-thru hole..",-7,14.65
"DMP4-4H-CB-G","4"" MP4 Detachable mount Grey color",29,18.00
"DMP4-4T","4"" MP4 Detachable mount-threaded",373,14.65
"DMP4-6T","Detachable eye 6"" Bore",5,59.80
"DMS2-15","1.5"" Foot Mounting",0,9.00
"DMS2-15-KITN"," 1/2"" MS2 Foot mounting..",124,5.80
"DMS2-2-KITN","2"" MS2 Foot mounting..",230,6.97
"DMS2-2.0","2.0 (MS2 Foot Mount)..",0,6.90
"DMS2-25","2.5"" MS2 Foot mounting",215,7.32
"DMS2-32","3 1/4"" MS2 Foot mounting..",29,12.00
"DMS2-4","4.0"" MS2 Foot mounting",4,16.90
"DP--10G","1""Pivot pin with grove",898,2.50
"DP-05G","1/2"" Pivot pins with grove..",1032,1.41
"DP-05G-IM","1/2"" pivot pins with groove",0,0.80
"DP-05G-SS","1/2"" Pivot pin with Groove -SS",0,2.00
"DP-05GSC","1/2' Pivot Pin for spherical bracket..",2052,2.10
"DP-05H","1/2"" Pivot pin-hole",3639,1.41
"DP-0625","5/8Dia""x2.187 LONG",0,1.00
"DP-07G","3/4"" Pivot pin with grove",5692,1.89
"DP-07G-IM","3/4"" pin with special groove and E-clip",-600,1.99
"DP-07G-LONG","3/4"" Pivot pin -LONG",567,2.50
"DP-07G-TRD","3/4"" Pivot pin assembly wihth E-clips",1480,1.99
"DP-07H","3/4"" Pivot pin-hole",6801,1.85
"DP-1015","3/8"" pivot pin",460,1.00
"DP-1035","3/4"" Stainless steel pivot pin (SS-303)",140,4.00
"DP-1036","1/2"" Stainless steel pin ( SS303)",120,2.00
"DP-1050","5/8"" Pivot Pin-Long",0,2.00
"DP-1051","5/8"" pivot pin",72,1.00
"DP-10GSC","1' Pivot Pin for spherical bracket..",1068,4.50
"DP-10H","1"" Pivot pin- hole..",5661,2.50
"DP-13G","1 3/8"" Pivot pin with groove",-38,4.12
"DP-13G-SS","1 3/8"" pivot pin SS",16,42.00
"DP-13H","1 3/8"" Pivot Pin -hole..",0,5.60
"DP-17G","1 3/4"" Pivot pin with groove",-2,10.50
"DP-17H","1 3/4"" Pivot Pin -hole..",-18,9.98
"DP-20G","2"" Pivot Pin with groove",0,17.05
"DP-20H","Pivot Pin(2.0"")..",-2,18.00
"DP-25G","2.5"" Pivot Pin with groove..",0,29.00
"DP-25H","2.5"" pivot pin with hole..",-3,25.00
"DP-30H","3.0"" pivot pin with hole..",0,37.50
"DP-35G","3.5"" Pivot pin with groove..",0,37.50
"DP-35H","3.5"" pivot pin with hole",-9,62.00
"DP-40H","4.0"" pivot pin with hole",0,62.00
"DP-40H-SPL","4"" Dia pivot pin - hole",0,160.00
"DRES-0350","3.5"" Spherical rod eye",0,600.00
"DRES-0400","4"" Spherical rod eye",3,600.00
"DRES-05","Spherical Rod Eye(7/16-20)",425,28.55
"DRES-07","Spherical Rod Eye(3/4-16)",48,39.90
"DRES-10","Spherical Rod Eye(1-14)..",277,63.25
"DRES-100","SPHERICAL ROD EYE 1""",0,20.00
"DRES-125","SPHERICAL ROD EYE 1.25""",0,30.00
"DRES-13","Spherical Rod Eye(1 1/4-12"")",194,79.60
"DRES-150","SPHERICAL ROD EYE 1.5""",39,20.00
"DRES-17","Spherical Rod Eye(1 1/2-12)",118,128.00
"DRES-20","Spherical Rod Eye(1 7/8-12)",0,185.00
"DRES-200","2"" Spherical rod Eye",0,107.00
"DRES-2500","SPHERICAL ROD EYE FOR 2.5""",13,220.00
"DRES-300","SPHERICAL ROD EYE FOR 3""",2,200.00
"E-12","C-CLIP FOR 1/2"" PIN",0,0.40
"E-18","C- CLIP FOR 3/4"" PIN",0,0.50
"E-24","C- CLIP FOR 1"" PIN",0,0.60
"FF475083A4","Cover plate with Gasket",292,3.00
"FFA4","cover plate",0,3.00
"FY420556A1","Rod Clevis 3.5"" Pin and THD 3-12""",0,284.50
"Gauge","1 3/4"" GO and NO GO Gauge",0,35.00
"GEZ 31 2RS","1.25: Spherical bearing",0,5.00
"GEZ25ES2RS","1"" Spherical Bearing",0,4.80
"GEZ50ES2RS","2"" Spherical Bearing",0,16.95
"HY317366A4","4"" Rod clevis with special tolerence",0,310.00
"KK083603A4","Pivot Pin  1 3/4"", special",61,24.50
"KK119540A2","2"" Pivot pin- Tel Smith",22,16.98
"KK119540B1","ROD COUPLER , 6""",-10,99.25
"KK134240A2","(WF) 8"" HOSE TIE ROD TAPPED HOLE",0,11.40
"KK134240A3","MTG. STUD 8-3H HOSE",48,12.30
"KK244564B1","Pivot Pin Assembly 0.985"" Dia",0,5.00
"M05-L01","Bushing - for all 2"" bore mini",0,2.00
"Machine1","Circular saw for Murmann Mfg",0,7000.00
"MT-25","Mid Trunion for 2.5""..",221,60.00
"MT-4","Mid trunion for 4"" cylinder",0,68.00
"MT-5","Mid trunion for 5"" cylinder..",0,80.00
"MT-6","Mid trunion for 6"" cylinder",0,190.00
"MT4-15()","Mid Trunnion for 1.5""..",294,27.00
"MT4-2","Mid Trunnion for 2""",405,37.00
"MT4-3.25","Mid Trunnion for 3.25""",58,65.00
"MT6.5x6.5x1.5","Trunion mount 6.5""x6.5""x1.5"" with 1 3/8"" pin size",5,120.00
"MT6.5x6.5x2","Trunion mount 6.5""x6.5""x2"" with 1 3/8"" pin size",0,130.00
"N05-2668","Cushion sleeve bronze",470,1.20
"N09-1023","Retainer plate 4"" Bore SLV Nut",413,15.30
"N09-1026","Front Plate:3 1/4""Bore sleeve",384,14.50
"N11-1510","PLATE: S1 &S5, 32MM BORE, NR SERIES",299,11.65
"N11-1511","MOUNTING FEET:25-32MM, NR-SERIES",1626,5.65
"N11-1512 ()","Mounting Feet: 40-50mm Bore , NR-Series",594,16.67
"N11-1514","PLATE: S1 &S5, 32MM BORE, NR SERIES",354,10.00
"N11-1516","PLATE: S1 &S5, 50MM BORE, NR SERIES",454,18.00
"N12-1171","4"" BORE- A-SERIES DETACHABLE MOUNT",1,16.13
"N1400-0050","1/2"" Extrenal ring",0,0.06
"N1400-0050AS","1/2"" RETAINING RING -SS",2911,1.50
"N1400-0062","5/8"" External ring",0,0.15
"N1400-0075","3/4"" External ring",0,0.10
"N1400-0075AS","3/4"" RETAINING RING -SS",2118,1.50
"N1400-0100","1"" External ring",0,0.12
"N31-1035","3/4"" Pivot Pin-SS",0,2.00
"N31-1036","1/2"" Pivot pin-SS",0,2.00
"NISSAN FORKLIFT","NISSAN CK1B1L18E",0,2600.00
"Oilseal 5/8""","OIL SEAL FOR AJN , BJN AND CJN",347,0.00
"PE724","Cushion Screw -M10",1999,0.90
"PR63CE","Rod end for hydraulic cylinder (633mm0",0,356.00
"PXL-250-TYPE-A","Liquid ring Vacuum Pump( Bare pump)",0,28652.00
"RING-05","SNAP RONG FOR 1/2"" PIN",18000,0.10
"RING-07","SNAP RING FOR 3/4"" PIN",0,0.15
"RING-10","SNAP RING  FOR 1"" PIN",0,0.20
"RING-13","1 3/8"" sanp ring for DP-13G pin",0,0.25
"RING-17","Snap ring for DP-17G",0,0.50
"S-915-03","1 1/2B Clevis Tang(SS)",100,2.98
"S-915-065","3 1/4B Clevis Tang (SS)",58,5.60
"S-915-12","6B Clevis Tang",30,10.66
"S01-L01","2"" Bore Head - SS",-5,20.00
"S02-L01","2"" Bore Cap - SS",0,20.00
"S500-104","1 3/8"" Eye Bracket -SS",-1,406.00
"SBB12-2RS","3/4"" Sph Bushing IKO",0,6.56
"SBB16-2RS","1"" Spherical bearing",10,10.00
"SBB20-2RS","1.25"" sph. bushing IKO",100,11.46
"SBB24-2RS","1.5"" Bearing",37,12.00
"SBB32-2RS","2"" sph bushing IKO",139,27.10
"SBB40-2RS","2.5"" sph bushing-IKO",8,42.99
"SBB48-2RS","3"" sph bushing-IKO",24,64.11
"SBB56-2RS","3.5"" Spherical bearing",0,112.00
"SBB64-2RS","4"" spherical bearing",5,164.00
"SCRW1/4-28x0.63","Low head Screws(1/4-28x0.63)",0,0.00
"SCRW1/4-28x0.75","Low head Screws(1/4-28x0.75)",0,0.00
"SCRW3/8-24x0.88","Low head Screws(3/8-24x0.88)",0,0.00
"SCRW3/8-24x1.13","(Low head Screws(3/8-24x1.13)",0,0.00
"SCRW5/16-24x0.63","Low head Screws(5/16-24x0.63)",0,0.00
"SH-050SS","1/2""External  SH-Ring SS",0,1.00
"SH-50SS","1/2"" External ring SS",0,0.30
"SH-75SS","SH-075SS",0,1.00
"SLH-1/2","1/2""-20 Sleeve nut with hex ..(tap from both side)",9000,0.90
"SLH-1/4","1/4"" sleeve nut",0,0.33
"SLH-3/8","3/8"" SLEEVE NUT -STEEL",0,0.60
"SLH-3/8-SS","3/8"" sleeve nut -SS",0,2.50
"SN-100-250","1/4"" sleeve nut",5000,0.45
"SN-100-312","5/16"" Sleeve nut",-10,0.45
"SN-100-375","3/8"" SLEEVE NUT",15400,0.64
"SN-100-500","1/2"" Sleeve nut",2700,0.90
"Solid Sq Rod","12mm Solid square road 44"" long",0,2.90
"Sq Tube 12*44mm","SQUARE TUBE 12MMX44INCH (MSBLANK 44)",0,3.00
"SS-SN-100-250-1","1/4"" SLEEVE NUTS -SS",-8,1.35
"SS-SN-100-312-1","5/16"" SLEEVE NUTS-SS",-8,1.60
"SS-SN-100-375-1","3/8"" SLEEVE NUTS-SS",2642,2.50
"SS-SN-100-500-1","1/2"" SLEEVE NUT- SS",-8,3.40
"SS-SN-100-625-1","5/8"" SLEEVE NUT -SS",0,6.00
"STUD 1""-14","Rod end stud1""-14",0,14.15
"SV1/2","1/2"" Spool valve",10,16.00
"TM25-15-1","Turn Mount 2.5""x2.5""x1.5""",0,18.50
"TM45-12-1","Turn Mount 4.5""x4.5""x1.25""",0,55.00
"TM45-17-17","Turn Mount 4.5""x4.5""x1.75""",0,59.00
"TM65-15-13","Turn Mount 6.5x1.5""",0,120.00
"TM65-2-13","Turn Mount 6.5x2""",0,130.00
"W-AJN","Pump AJN series without Keyway",-36,112.71
"W-AJN-K","Pump AJN series with Keyway",114,115.58
"W-BJN","Pump BJN series without keyway",29,123.00
"W-CJN","Pump CJN series without keyway",77,154.61
"WSM-50-S16","1/2"" exetrnal ring",0,0.90
"WSM-75-S16","3/4"" External ring",0,1.50
"0509480000","Rod Clevis  1 7/8-12( B)",32,50.00
"0938530000","Rod Clevis SS - 1.25-12",-5,127.00
"096220000P","Knuckle  3.25-12 - WITHOUT PAINT",0,895.70
"0978200100","Spherical Rod eye 1""",-3,26.02
"0978200125","Spherical Rod eye 1.25""",8,34.13
"0978200150","Spherical Rod eye 1.5""",0,53.57
"0978200200","Spherical Rod eye 2""",5,109.34
"0978200250","Spherical Rod eye 2.5""",0,167.94
"0978200300","Spherical Rod eye 3""",0,335.82
"0978200350","Spherical Rod eye 3.5""",1,495.33
"0978200400","Spherical Rod eye 4""",0,1150.00
"0995391000","Foot mount 20mm Bore",0,12.59
"0995392000","Foot Mount 25mm bore",0,14.47
"0995393000","Foot Mount 32mm bore",0,15.88
"0995394000","Foot mount 40mm bore",0,18.53
"0995395000","Foot mount 50mm bore",0,26.12
"0995396000","Foor mount 63mm bore",0,35.29
"0995397000","Foot mount 80mm bore",0,47.65
"A-30-1-FB-A","5/8"" Rod Fixed Bushing assembly",128,3.07
"A-30-2-FB-A","1"" Rod Fixed Bushing assembly",0,4.38
"A-30-3-FB-A","1 3/8"" Rod Fixed Bushing assembly",0,6.40
"A-66-2-A","Cushion Needle Assembly",0,1.881
"A-7","Seal Kit - rubber seal, gasket, and screws",-6,10.50
"A3C69-MP2-ASSY","3.25""MP2 CLEVIS WITH PIN",0,19.40
"A500-401","1/2"" Pivot pin assembly",0,0.79
"A500-402","3/4"" Pivot pin assembly",0,1.20
"A500-403","1"" Pivot pin assembly",0,1.95
"B500-401","1/2"" Pivot Pin -SS",568,4.96
"B500-402","3/4"" Pivot pin -SS",-209,7.13
"CP500E-PO","1/2"" Clevis pin- groove",2056,1.99
"CU60002","2.5""  Cushion screw",4950,1.12
"D96TK250","2.5"" Clevis Bracket",0,231.80
"DAC-1750F","1 3/4""-12 Alignment coupler",0,0.00
"DAC-1875F","SELF ALIGN COUPLER 1 7/8""",0,112.00
"DC-05- Kit","Rod Clevis AC/W Pin & Clips(7/16""-20)..",0,6.50
"DC-05-1/2""-KIT","1/2"" Rod Clevis with 1/2""-20 thread",0,6.50
"DC-05-1/2""-SS","1/2""-20 Rod clevis -SS",34,23.00
"DC-07-G","3/4"" Rod Eye -Grey",0,8.41
"DC-07-KIT","3/4"" Rod Clevis with Pin",0,10.00
"DC-07M-KIT","3/4"" Rod clevis with pin",0,15.00
"DC-10-KIT","1"" Rod Clevis with pin",0,15.00
"DC-13-KIT","1 3/8"" Rod clevis with pin",0,31.00
"DC-20-KIT","2"" Rod clevis with 1 7/8"" threads",-2,140.00
"DCB-04","Clevis Bracket 044",0,26.00
"DCB-05-Kit","1/2"" Clevis Bracket Kit",0,12.00
"DCB-07-G","3/4"" ROD CLEVIS -GRAY",0,13.66
"DCB-07-Kit","3/4"" Clevis Bracket kit",0,17.25
"DCB-10-KIT","1"" Clevis Bracket with pin",0,30.08
"DCB-13-S","1 3/8"" Sphercial clevis bracket",-22,48.00
"DCB-17-S","1 3/4""Clevis bracket for spherical rod eye",-4,156.10
"DCB-20-S",,0,249.00
"DCB-25-GSC","Clevis bracket for Spherical rod eye 2.5""",0,271.20
"DE-05- Kit","1/2"" Rod Eye  Kit",0,6.5
"DE-05-G","1/2"" Rod Eye - Gray",0,0.00
"DE-07-G","3/4"" Rod Eye -Gray",0,7.14
"DE-07-KIT",,0,5.87
"DE-10-KIT","1"" R0d eye with pin",0,18.90
"DE-35M","Rod Eye 3.5"" pin hole with 3.5-12 thrd",0,560.00
"DEB-05-KIT","1/2""Eye bracket with pivot pin(grove)",0,8.00
"DEB-05-S","1/2"" Eye Bracket- STEEL",0,7.00
"DEB-07-G","3/4"" EYE BRACKET -GRAY",0,10.71
"DEB-07-KIT",,0,10.00
"DEB-07-S","Eye Bracket 3/4"" -steel",0,11.00
"DEB-10-Kit","1"" Eye Bracket Kit",0,20.74
"DMP1-15H-G","1.5"" MP1 DETACHABLE MOUNT-GRAY",0,8.06
"DMP1-25H-G","2.5"" MP1 DETACHABLE MOUNT -GRAY",11,9.54
"DMP1-2H-G","2"" MP1 DETACHABLE MOUNT- GRAY",52,8.59
"DMP1-32H-G","3.25"" MP1 DETACHABLE MOUNT-GRAY",0,14.84
"DMP1-32H-KIT","3.25"" DMP1 DETACHABLE MOUNT -KIT",-16,20.50
"DMP1-4H-G","4"" MP1 DETACAHBLE MOUNT-GRAY",137,18.24
"DMP1-5H-KIT",,-7,30.80
"DMP2-15H-KIT","MP2 Mount For 1 1/2"" Bore With Pin",0,7.00
"DMP2-15T-KIT","1.5"" MP2 Detachable mount-Kit",0,7.00
"DMP2-25H-KIT","2.5"" DETACHABLE MOUNT WITH PIN",0,8.69
"DMP2-25T-KIT","2.5""MP2 Detachable Mount with pivot pin",0,9.00
"DMP2-2H-KIT","2"" Detaachable clevis with pin",0,8.48
"DMP2-2T-KIT","2.0""MP2 Detachable Mount-threaded WITH PIVOT PIN",0,8.00
"DMP2-32H-KIT","3.5"" MP2 DETACHABLE MOUNT WITH PIN",0,18.00
"DMP2-32T-KIT","3.25"" MP2 Detachable Mount-threaded kit",0,14.00
"DMP2-4H-KIT","4/"" MP2 Detachable clevis with pin",0,21.00
"DMP2-4T-KIT","4""MP2 Detachable Mount with pivot pin",0,16.00
"DMP2-5H-KIT","5"" MP2 Detachable mount with Pin",0,36.45
"DMP2-5T-KIT","5"" MP2 Detachable mount kit",0,0.00
"DMP2-6H-KIT","6"" MP2 Detachable Mount with pin",0,40.25
"DMP2-6T-KIT","MP2 Detachable kit for 6""",0,30.00
"DMP4-15HCB-G","1.5"" MP2 DETACHABLE MOUNT-GRAY",0,7.95
"DMP4-15T-KIT","MP4 DETACHABLE MOUNT KIT 1.5""",-21,6.00
"DMP4-25HCB-G",,0,9.54
"DMP4-25T-KIT","2.5"" MP4 Detachable Mount-threaded",-110,12.00
"DMP4-2H-KIT",,0,0.00
"DMP4-2HCB-G","2"" MP4 DETACHABLE MOUNT-GRAY",0,9.23
"DMP4-2T-KIT","2.0"" MP4 Detachable Mount-threaded KIT",0,12.00
"DMP4-32T-KIT","3.25""MP4 Detachable Mount with pivot pin..",0,15.00
"DMP4-4T-KIT","4"" MP4 Detachable mount-kit",-40,16.00
"DMP4-6T-KIT","6"" MP4 Detachable mount kit",-2,60.65
"Dock Plate","Dock Plate",0,350.00
"DP-04G",,0,2.50
"DP-07G-SS","3/4"" PIVOT PIN -SS",-1,2.00
"DP-07GSC","3/4' Pivot Pin for spherical bracket",-15,3.20
"DP-13GSC",,111,12.00
"DP-17GSC","1 3/4"" Pivot pin for spherical bracket..",-8,18.98
"DP-20GSC","2"" pin for spherical rod eye",26,35.00
"DP-30G","3"" PIVOT  PIN",-4,0.00
"DRES-250","SPHERICAL ROD EYE FOR 2.5""",-1,323.00
"E500-403","5/8"" Pivot pin  long assembly",1090,3.00
"E500-407","5/8"" Pivot pin assembly",0,2.87
"FC-100","1"" flange coupler (DF-100)",-4,30.00
"KFP#100A2004","Nopak Hex Socket Nut 0.75ODx1.375"" long",0,0.00
"KIT-AJN","Seal kit for ""AJN"" series",0,6.00
"KIT-BJN","Seal Kit for BJN",-10,6.00
"KK568277A1","Pivot Pin 5/8""x2.187""Long",236,3.00
"MD-MF1-25-CH","MF1-25 Check",200,0.90
"R432011333","1"" Rod Clevis with 7/8""THD..(DC-10-7/8"")",0,16.00
"R432011335","Detachable Clevis mount ..(DMP2-4H-SPL)",-13,20.00
"R433012633","Clevis bracket 3/4""",-24,13.81
"R433013022",,0,1.62
"RESH-075","Spherical rod eye 3/4""",0,35.00
"RESH-100","Spherical rod eye 1""",0,53.00
"RESH-150","Spherical rod eye 1.5""",0,160.00
"RESH-200","Spherical rod eye 2""",0,245.00
"RESH-250","Spherical rod eye 2.5""",0,323.00
"sleeve 1/4","sleeve nut with hex 1/4-28",0,0.50
"sleeve 3/8","Sleeve nut with slot 3/8""-24",-16,0.70
"Sleeve 5/16","Sleeve nut 5/16/-24 with Hex",-18,0.45
"Sleeve nut 1/2""","1/2"" sleeve nut with Hex",0,0.81
"SS-50","1/2"" retaining ring in SS",-112,0.38
"SS-75","3/4"" retaining ring in SS",-60,0.55
"Input material","Steel weight for above part","",25.00
"Other charges","Material surcharge",,10.00
"P & F","Packaging and Forwarding charges","",0.00
